{
  "title": "Diwali-1",
  "status": "active",
  "timeout": "0",
  "allowedResponses": 1,
  "isQuestionBank": false,
  "totalQuestions": 16,
  "totalScore": 16,
  "id": "8",
  "lastUpdatedDateTime": 1512925971000,
  "lastPublishedDateTime": "",
  "pages": [
    {
      "title": "Q",
      "questions": [
        {
          "title": "",
          "titleText": "What pooja is done on Dhanteras?",
          "feedbackIncorrect": "",
          "feedbackIncorrectText": "",
          "type": "SingleChoiceButton",
          "choices": [
            {
              "title": "Laxmi",
              "selected": true
            },
            {
              "title": "Durga",
              "selected": false
            },
            {
              "title": "Gayatri",
              "selected": false
            },
            {
              "title": "Umiya",
              "selected": false
            }
          ],
          "score": 1,
          "prize": "      "
        }
      ]
    },
    {
      "title": "Q",
      "questions": [
        {
          "title": "",
          "titleText": "What is the meaning of Diwali?",
          "feedbackIncorrect": "",
          "feedbackIncorrectText": "",
          "type": "SingleChoiceButton",
          "choices": [
            {
              "title": "Festival of Color",
              "selected": false
            },
            {
              "title": "Festival of Lights",
              "selected": true
            },
            {
              "title": "Festival of Kite-flying",
              "selected": false
            },
            {
              "title": "Festival of Garba",
              "selected": false
            }
          ],
          "score": 1,
          "prize": "      "
        }
      ]
    },
    {
      "title": "Q",
      "questions": [
        {
          "title": "",
          "titleText": "What event from Ramayana does Diwali symbolise?",
          "feedbackIncorrect": "",
          "feedbackIncorrectText": "",
          "type": "SingleChoiceButton",
          "choices": [
            {
              "title": "The birth of Rama",
              "selected": false
            },
            {
              "title": "Marriage of Ram and Sita",
              "selected": false
            },
            {
              "title": "Ram and Sita return from Lanka",
              "selected": true
            },
            {
              "title": "Killing of Ravan by Ram",
              "selected": false
            }
          ],
          "score": 1,
          "prize": "      "
        }
      ]
    },
    {
      "title": "Q",
      "questions": [
        {
          "title": "",
          "titleText": "What Gujarati month is Diwali in?",
          "feedbackIncorrect": "",
          "feedbackIncorrectText": "",
          "type": "SingleChoiceButton",
          "choices": [
            {
              "title": "Aaso",
              "selected": true
            },
            {
              "title": "Sravan",
              "selected": false
            },
            {
              "title": "Chaitr",
              "selected": false
            },
            {
              "title": "Maha",
              "selected": false
            }
          ],
          "score": 1,
          "prize": "      "
        }
      ]
    },
    {
      "title": "Q",
      "questions": [
        {
          "title": "",
          "titleText": "What do you call the design made during Diwali?",
          "feedbackIncorrect": "",
          "feedbackIncorrectText": "",
          "type": "SingleChoiceButton",
          "choices": [
            {
              "title": "Square",
              "selected": false
            },
            {
              "title": "Diamond",
              "selected": false
            },
            {
              "title": "Star",
              "selected": false
            },
            {
              "title": "Rangoli",
              "selected": true
            }
          ],
          "score": 1,
          "prize": "      "
        }
      ]
    },
    {
      "title": "Q",
      "questions": [
        {
          "title": "",
          "titleText": "How do you say 'Happy New Year' in Gujarati?",
          "feedbackIncorrect": "",
          "feedbackIncorrectText": "",
          "type": "SingleChoiceButton",
          "choices": [
            {
              "title": "Janam Din Mubarak",
              "selected": false
            },
            {
              "title": "Uttarayan Mubarak",
              "selected": false
            },
            {
              "title": "Holi Mubarak",
              "selected": false
            },
            {
              "title": "Sal Mubarak",
              "selected": true
            }
          ],
          "score": 1,
          "prize": "      "
        }
      ]
    },
    {
      "title": "Q",
      "questions": [
        {
          "title": "",
          "titleText": "How many days are celebrated in Diwali according to the lunar Hindu calendar?",
          "feedbackIncorrect": "",
          "feedbackIncorrectText": "",
          "type": "SingleChoiceButton",
          "choices": [
            {
              "title": "Seven",
              "selected": false
            },
            {
              "title": "Five",
              "selected": true
            },
            {
              "title": "One",
              "selected": false
            },
            {
              "title": "Four",
              "selected": false
            }
          ],
          "score": 1,
          "prize": "      "
        }
      ]
    },
    {
      "title": "Q",
      "questions": [
        {
          "title": "",
          "titleText": "What is the Capital of India?",
          "feedbackIncorrect": "",
          "feedbackIncorrectText": "",
          "type": "SingleChoiceButton",
          "choices": [
            {
              "title": "Mumbai",
              "selected": false
            },
            {
              "title": "Ahmedabad",
              "selected": false
            },
            {
              "title": "New Delhi",
              "selected": true
            },
            {
              "title": "Bengaluru",
              "selected": false
            }
          ],
          "score": 1,
          "prize": "      "
        }
      ]
    },
    {
      "title": "Q",
      "questions": [
        {
          "title": "",
          "titleText": "How do we celebrate Navratri",
          "feedbackIncorrect": "",
          "feedbackIncorrectText": "",
          "type": "SingleChoiceButton",
          "choices": [
            {
              "title": "Doing Garba",
              "selected": true
            },
            {
              "title": "Watching Fireworks",
              "selected": false
            },
            {
              "title": "Throwing colors on each other",
              "selected": false
            },
            {
              "title": "Flying kites",
              "selected": false
            }
          ],
          "score": 1,
          "prize": "      "
        }
      ]
    },
    {
      "title": "Q",
      "questions": [
        {
          "title": "",
          "titleText": "Which Goddess do we worship on the first 3 days of Navratri?",
          "feedbackIncorrect": "",
          "feedbackIncorrectText": "",
          "type": "SingleChoiceButton",
          "choices": [
            {
              "title": "Durga",
              "selected": true
            },
            {
              "title": "Laxmi",
              "selected": false
            },
            {
              "title": "Saraswati",
              "selected": false
            },
            {
              "title": "Gayatri",
              "selected": false
            }
          ],
          "score": 1,
          "prize": "      "
        }
      ]
    },
    {
      "title": "Q",
      "questions": [
        {
          "title": "",
          "titleText": "Who is the current prime minister of India?",
          "feedbackIncorrect": "",
          "feedbackIncorrectText": "",
          "type": "SingleChoiceButton",
          "choices": [
            {
              "title": "Manmohan Singh",
              "selected": false
            },
            {
              "title": "Rahul Gandhi",
              "selected": false
            },
            {
              "title": "Narendra Modi",
              "selected": true
            },
            {
              "title": "Donald Trump",
              "selected": false
            }
          ],
          "score": 1,
          "prize": "      "
        }
      ]
    },
    {
      "title": "Q",
      "questions": [
        {
          "title": "",
          "titleText": "What Indian state is our group from?",
          "feedbackIncorrect": "",
          "feedbackIncorrectText": "",
          "type": "SingleChoiceButton",
          "choices": [
            {
              "title": "Bengal",
              "selected": false
            },
            {
              "title": "Gujarat",
              "selected": true
            },
            {
              "title": "Rajasthan",
              "selected": false
            },
            {
              "title": "Kerala",
              "selected": false
            }
          ],
          "score": 1,
          "prize": "      "
        }
      ]
    },
    {
      "title": "Q",
      "questions": [
        {
          "title": "",
          "titleText": "What is the capital of Gujarat state?",
          "feedbackIncorrect": "",
          "feedbackIncorrectText": "",
          "type": "SingleChoiceButton",
          "choices": [
            {
              "title": "Ahmedabad",
              "selected": false
            },
            {
              "title": "Mehsana",
              "selected": false
            },
            {
              "title": "Gandhinagar",
              "selected": true
            },
            {
              "title": "Unjha",
              "selected": false
            }
          ],
          "score": 1,
          "prize": "      "
        }
      ]
    },
    {
      "title": "Q",
      "questions": [
        {
          "title": "",
          "titleText": "How many colors are in the Indian flag?",
          "feedbackIncorrect": "",
          "feedbackIncorrectText": "",
          "type": "SingleChoiceButton",
          "choices": [
            {
              "title": "Three",
              "selected": true
            },
            {
              "title": "Two",
              "selected": false
            },
            {
              "title": "Five",
              "selected": false
            },
            {
              "title": "Four",
              "selected": false
            }
          ],
          "score": 1,
          "prize": "      "
        }
      ]
    },
    {
      "title": "Q",
      "questions": [
        {
          "title": "",
          "titleText": "Where is our Kuldevi Umiya mataji main temple located in Gujarat?",
          "feedbackIncorrect": "",
          "feedbackIncorrectText": "",
          "type": "SingleChoiceButton",
          "choices": [
            {
              "title": "Patan",
              "selected": false
            },
            {
              "title": "Mehsana",
              "selected": false
            },
            {
              "title": "Visnagar",
              "selected": false
            },
            {
              "title": "Unjha",
              "selected": true
            }
          ],
          "score": 1,
          "prize": "      "
        }
      ]
    },
    {
      "title": "Q",
      "questions": [
        {
          "title": "",
          "titleText": "How many stars are in the American flag?",
          "feedbackIncorrect": "",
          "feedbackIncorrectText": "",
          "type": "SingleChoiceButton",
          "choices": [
            {
              "title": "48",
              "selected": false
            },
            {
              "title": "50",
              "selected": true
            },
            {
              "title": "25",
              "selected": false
            },
            {
              "title": "30",
              "selected": false
            }
          ],
          "score": 1,
          "prize": "      "
        }
      ]
    }
  ]
}